{

	"results": [{

			"T_CODE": "WE01",

			"MAN_APPROVE": "",
			"TEAMLEAD_FUNAREA": "TECH",
			"TEAMLEAD_APPR": "",
			"TEAMLEAD_APPR_ID": "SOX_TSTLED1",
			"Link Name": "UI Data",
			"Tool Tip": "On mouse hover"

		}, {

			"T_CODE": "WE02",

			"MAN_APPROVE": "Y",
			"TEAMLEAD_FUNAREA": "TECH",
			"TEAMLEAD_APPR": "",
			"TEAMLEAD_APPR_ID": "SOX_TSTLED1",
			"Link Name": "UI Data1",
			"Tool Tip": "On mouse hover1"

		}, {

			"T_CODE": "WE03",

			"MAN_APPROVE": "N",
			"TEAMLEAD_FUNAREA": "TECH",
			"TEAMLEAD_APPR": "",
			"TEAMLEAD_APPR_ID": "SOX_TSTLED1",
			"Link Name": "UI Data2",
			"Tool Tip": "On mouse hover2"

		}, {

			"T_CODE": "WE04",

			"MAN_APPROVE": "",
			"TEAMLEAD_FUNAREA": "TECH",
			"TEAMLEAD_APPR": "Y",
			"TEAMLEAD_APPR_ID": "SOX_TSTLED1",
			"Link Name": "UI Data3",
			"Tool Tip": "On mouse hover3"

		}, {

			"T_CODE": "WE05",

			"MAN_APPROVE": "",
			"TEAMLEAD_FUNAREA": "TECH",
			"TEAMLEAD_APPR": "N",
			"TEAMLEAD_APPR_ID": "SOX_TSTLED1",
			"Link Name": "UI Data4",
			"Tool Tip": "On mouse hover4"

		}, {

			"T_CODE": "WE06",

			"MAN_APPROVE": "Y",
			"TEAMLEAD_FUNAREA": "TECH",
			"TEAMLEAD_APPR": "Y",
			"TEAMLEAD_APPR_ID": "SOX_TSTLED1"

		}, {

			"T_CODE": "WE07",

			"MAN_APPROVE": "Y",
			"TEAMLEAD_FUNAREA": "TECH",
			"TEAMLEAD_APPR": "N",
			"TEAMLEAD_APPR_ID": "SOX_TSTLED1"

		}, {

			"T_CODE": "WE08",

			"MAN_APPROVE": "N",
			"TEAMLEAD_FUNAREA": "TECH",
			"TEAMLEAD_APPR": "N",
			"TEAMLEAD_APPR_ID": "SOX_TSTLED1"

		}, {

			"T_CODE": "WE09",

			"MAN_APPROVE": "N",
			"TEAMLEAD_FUNAREA": "TECH",
			"TEAMLEAD_APPR": "Y",
			"TEAMLEAD_APPR_ID": "SOX_TSTLED1"

		}, {

			"T_CODE": "WE10",

			"MAN_APPROVE": "N",
			"TEAMLEAD_FUNAREA": "HR",
			"TEAMLEAD_APPR": "Y",
			"TEAMLEAD_APPR_ID": "SOX_TSTLED1"

		}, {

			"T_CODE": "WE11",

			"MAN_APPROVE": "N",
			"TEAMLEAD_FUNAREA": "HR",
			"TEAMLEAD_APPR": "Y",
			"TEAMLEAD_APPR_ID": "SOX_TSTLED1"

		}, {

			"T_CODE": "WE12",

			"MAN_APPROVE": "N",
			"TEAMLEAD_FUNAREA": "MM",
			"TEAMLEAD_APPR": "Y",
			"TEAMLEAD_APPR_ID": "SOX_TSTLED1"

		}, {

			"T_CODE": "WE13",

			"MAN_APPROVE": "N",
			"TEAMLEAD_FUNAREA": "MM",
			"TEAMLEAD_APPR": "Y",
			"TEAMLEAD_APPR_ID": "SOX_TSTLED1"

		}, {

			"T_CODE": "WE14",

			"MAN_APPROVE": "N",
			"TEAMLEAD_FUNAREA": "PY",
			"TEAMLEAD_APPR": "Y",
			"TEAMLEAD_APPR_ID": "SOX_TSTLED1"

		}, {

			"T_CODE": "WE15",

			"MAN_APPROVE": "N",
			"TEAMLEAD_FUNAREA": "MM",
			"TEAMLEAD_APPR": "Y",
			"TEAMLEAD_APPR_ID": "SOX_TSTLED1"

		}, {

			"T_CODE": "WE15",

			"MAN_APPROVE": "N",
			"TEAMLEAD_FUNAREA": "HR",
			"TEAMLEAD_APPR": "Y",
			"TEAMLEAD_APPR_ID": "SOX_TSTLED1"

		}

	]

}