<?xml version="1.0" encoding="UTF-8"?>
<!--

    Copyright (C) 2009-2019 SAP SE or an SAP affiliate company. All rights reserved.

-->
<edmx:Edmx Version="1.0" xmlns:edmx="http://schemas.microsoft.com/ado/2007/06/edmx" xmlns:m="http://schemas.microsoft.com/ado/2007/08/dataservices/metadata" xmlns:sap="http://www.sap.com/Protocols/SAPData">
    <edmx:DataServices m:DataServiceVersion="2.0">
        <Schema Namespace="HCM_CICO_MANAGE_SRV" sap:schema-version="1" xml:lang="en" xmlns="http://schemas.microsoft.com/ado/2008/09/edm">
            <EntityType Name="Approver" sap:content-version="1">
                <Key>
                    <PropertyRef Name="ApproverEmployeeID"/>
                </Key>
                <Property MaxLength="8" Name="ApproverEmployeeID" Nullable="false" Type="Edm.String" sap:creatable="false" sap:label="Personnel no." sap:sortable="false" sap:updatable="false"/>
                <Property MaxLength="80" Name="ApproverEmployeeName" Type="Edm.String" sap:creatable="false" sap:label="Empl./appl.name" sap:sortable="false" sap:updatable="false"/>
                <Property MaxLength="80" Name="ApproverUserID" Type="Edm.String" sap:creatable="false" sap:label="System ID" sap:sortable="false" sap:updatable="false"/>
            </EntityType>
            <EntityType Name="ConcurrentEmployment" sap:content-version="1">
                <Key>
                    <PropertyRef Name="Pernr"/>
                </Key>
                <Property MaxLength="8" Name="Pernr" Nullable="false" Type="Edm.String" sap:creatable="false" sap:label="Personnel No." sap:sortable="false" sap:updatable="false"/>
                <Property MaxLength="255" Name="AssignmentText" Type="Edm.String" sap:creatable="false" sap:label="Text" sap:sortable="false" sap:updatable="false"/>
            </EntityType>
            <EntityType Name="AttabsReasons" sap:content-version="1">
                <Key>
                    <PropertyRef Name="AttAbsReason"/>
                </Key>
                <Property Name="Begda" Precision="7" Type="Edm.DateTime" sap:creatable="false" sap:filterable="false" sap:label="Start Date" sap:sortable="false" sap:updatable="false"/>
                <Property Name="Endda" Precision="7" Type="Edm.DateTime" sap:creatable="false" sap:filterable="false" sap:label="End Date" sap:sortable="false" sap:updatable="false"/>
                <Property MaxLength="4" Name="AttAbsReason" Nullable="false" Type="Edm.String" sap:creatable="false" sap:filterable="false" sap:label="Attendance/Absence Reason" sap:sortable="false" sap:updatable="false"/>
                <Property MaxLength="30" Name="AttAbsReasonText" Type="Edm.String" sap:creatable="false" sap:filterable="false" sap:label="Absence/attendance reason text for T555D" sap:sortable="false" sap:updatable="false"/>
            </EntityType>
            <EntityType Name="TimeStatement" m:HasStream="true" sap:content-version="1">
                <Key>
                    <PropertyRef Name="Pernr"/>
                    <PropertyRef Name="Begda"/>
                    <PropertyRef Name="Endda"/>
                </Key>
                <Property MaxLength="8" Name="Pernr" Nullable="false" Type="Edm.String" sap:creatable="false" sap:label="PERNR" sap:sortable="false" sap:updatable="false"/>
                <Property Name="Begda" Nullable="false" Precision="7" Type="Edm.DateTime" sap:creatable="false" sap:label="Begin Date" sap:sortable="false" sap:updatable="false"/>
                <Property Name="Endda" Nullable="false" Precision="7" Type="Edm.DateTime" sap:creatable="false" sap:label="End Date" sap:sortable="false" sap:updatable="false"/>
                <Property Name="FileContent" Nullable="false" Type="Edm.Binary" sap:creatable="false" sap:filterable="false" sap:label="File Content" sap:sortable="false" sap:updatable="false"/>
            </EntityType>
            <EntityType Name="TimeEventType" sap:content-version="1">
                <Key>
                    <PropertyRef Name="TimeType"/>
                </Key>
                <Property MaxLength="8" Name="Pernr" Type="Edm.String" sap:creatable="false" sap:label="Employee ID" sap:sortable="false" sap:updatable="false"/>
                <Property MaxLength="3" Name="TimeType" Nullable="false" Type="Edm.String" sap:creatable="false" sap:filterable="false" sap:label="Time event type" sap:sortable="false" sap:updatable="false"/>
                <Property MaxLength="60" Name="TimeTypeText" Nullable="false" Type="Edm.String" sap:creatable="false" sap:filterable="false" sap:label="Time Event Type" sap:sortable="false" sap:updatable="false"/>
            </EntityType>
            <EntityType Name="Configuration" sap:content-version="1">
                <Key>
                    <PropertyRef Name="Pernr"/>
                </Key>
                <Property MaxLength="8" Name="Pernr" Nullable="false" Type="Edm.String" sap:creatable="false" sap:label="Personnel No." sap:sortable="false" sap:updatable="false"/>
                <Property MaxLength="8" Name="ApproverId" Type="Edm.String" sap:creatable="false" sap:filterable="false" sap:label="Personnel No." sap:sortable="false" sap:updatable="false"/>
                <Property MaxLength="80" Name="ApproverName" Type="Edm.String" sap:creatable="false" sap:filterable="false" sap:label="Full Name" sap:sortable="false" sap:updatable="false"/>
                <Property Name="PresentDayFlag" Type="Edm.Boolean" sap:creatable="false" sap:filterable="false" sap:label="Boolean Variable (X=True, -=False, Space=Unknown)" sap:sortable="false" sap:updatable="false"/>
                <Property Name="NoticeVisible" Type="Edm.Boolean" sap:creatable="false" sap:filterable="false" sap:label="TRUE" sap:sortable="false" sap:updatable="false"/>
                <Property Name="ApproverReadOnly" Type="Edm.Boolean" sap:creatable="false" sap:filterable="false" sap:label="TRUE" sap:sortable="false" sap:updatable="false"/>
                <Property Name="ApproverVisible" Type="Edm.Boolean" sap:creatable="false" sap:filterable="false" sap:label="TRUE" sap:sortable="false" sap:updatable="false"/>
                <Property Name="ApproverMandatory" Type="Edm.Boolean" sap:creatable="false" sap:filterable="false" sap:label="TRUE" sap:sortable="false" sap:updatable="false"/>
                <Property Name="CreateAllowed" Type="Edm.Boolean" sap:creatable="false" sap:filterable="false" sap:label="TRUE" sap:sortable="false" sap:updatable="false"/>
                <Property Name="DeleteAllowed" Type="Edm.Boolean" sap:creatable="false" sap:filterable="false" sap:label="TRUE" sap:sortable="false" sap:updatable="false"/>
                <Property Name="ModifyAllowed" Type="Edm.Boolean" sap:creatable="false" sap:filterable="false" sap:label="TRUE" sap:sortable="false" sap:updatable="false"/>
                <Property MaxLength="3" Name="DefaultEvent" Type="Edm.String" sap:creatable="false" sap:filterable="false" sap:label="Time event type" sap:sortable="false" sap:updatable="false"/>
                <Property Name="LastrunDate" Precision="7" Type="Edm.DateTime" sap:creatable="false" sap:filterable="false" sap:label="Date" sap:sortable="false" sap:updatable="false"/>
                <Property Name="LastrunTime" Precision="0" Type="Edm.Time" sap:creatable="false" sap:filterable="false" sap:label="Field of type TIMS" sap:sortable="false" sap:updatable="false"/>
                <Property Name="TimeReadOnly" Type="Edm.Boolean" sap:creatable="false" sap:filterable="false" sap:label="TRUE" sap:sortable="false" sap:updatable="false"/>
                <Property Name="DefaultTime" Precision="0" Type="Edm.Time" sap:creatable="false" sap:filterable="false" sap:label="Field of type TIMS" sap:sortable="false" sap:updatable="false"/>
                <Property Name="TimezoneOffset" Precision="0" Type="Edm.Time" sap:creatable="false" sap:filterable="false" sap:label="User Time Zone Offset" sap:sortable="false" sap:updatable="false"/>
                <Property Name="CreateNoticeVisible" Type="Edm.Boolean" sap:creatable="false" sap:filterable="false" sap:label="TRUE" sap:sortable="false" sap:updatable="false"/>
                <Property Name="CreateApproverReadOnly" Type="Edm.Boolean" sap:creatable="false" sap:filterable="false" sap:label="TRUE" sap:sortable="false" sap:updatable="false"/>
                <Property Name="CreateApproverVisible" Type="Edm.Boolean" sap:creatable="false" sap:filterable="false" sap:label="TRUE" sap:sortable="false" sap:updatable="false"/>
            </EntityType>
            <EntityType Name="Message" sap:content-version="1">
                <Key>
                    <PropertyRef Name="MessageText"/>
                </Key>
                <Property MaxLength="8" Name="Pernr" Type="Edm.String" sap:creatable="false" sap:label="Personnel No." sap:sortable="false" sap:updatable="false"/>
                <Property MaxLength="35" Name="MessageText" Nullable="false" Type="Edm.String" sap:creatable="false" sap:filterable="false" sap:label="Long text" sap:sortable="false" sap:updatable="false"/>
                <Property Name="MessageDate" Precision="0" Type="Edm.DateTime" sap:creatable="false" sap:filterable="false" sap:label="Date" sap:sortable="false" sap:updatable="false"/>
                <Property Name="MessageId" Type="Edm.Int32" sap:creatable="false" sap:filterable="false" sap:label="MESSAGE_ID" sap:sortable="false" sap:updatable="false"/>
            </EntityType>
            <EntityType Name="TimeEvent" sap:content-version="1">
                <Key>
                    <PropertyRef Name="Pernr"/>
                    <PropertyRef Name="ReqId"/>
                </Key>
                <Property MaxLength="8" Name="Pernr" Nullable="false" Type="Edm.String" sap:label="Personnel No." sap:sortable="false"/>
                <Property MaxLength="32" Name="ReqId" Nullable="false" Type="Edm.String" sap:filterable="false" sap:label="Character field, length 32" sap:sortable="false"/>
                <Property Name="Version" Type="Edm.Int32" sap:filterable="false" sap:label="Number" sap:sortable="false"/>
                <Property MaxLength="4" Name="Infotype" Type="Edm.String" sap:filterable="false" sap:label="Infotype" sap:sortable="false"/>
                <Property MaxLength="12" Name="Status" Type="Edm.String" sap:label="Character Field of Length 12" sap:sortable="false"/>
                <Property MaxLength="60" Name="StatusText" Type="Edm.String" sap:filterable="false" sap:label="Short Descript." sap:sortable="false"/>
                <Property MaxLength="3" Name="TimeType" Type="Edm.String" sap:label="Time event type" sap:sortable="false"/>
                <Property MaxLength="60" Name="TimeTypeText" Type="Edm.String" sap:filterable="false" sap:label="TIME_TYPE_TEXT" sap:sortable="false"/>
                <Property Name="EventDate" Precision="0" Type="Edm.DateTime" sap:label="Date" sap:sortable="false"/>
                <Property Name="EventTime" Precision="0" Type="Edm.Time" sap:label="Time" sap:sortable="false"/>
                <Property MaxLength="500" Name="Note" Type="Edm.String" sap:filterable="false" sap:label="NOTE" sap:sortable="false"/>
                <Property Name="CreateTime" Precision="0" Type="Edm.Time" sap:label="Created on" sap:sortable="false"/>
                <Property Name="CreateDate" Precision="0" Type="Edm.DateTime" sap:label="Created at" sap:sortable="false"/>
                <Property MaxLength="4" Name="TerminalId" Type="Edm.String" sap:label="Terminal ID" sap:sortable="false"/>
                <Property MaxLength="1" Name="ActionDelete" Type="Edm.String" sap:filterable="false" sap:label="Boolean Variable (X=True, -=False, Space=Unknown)" sap:sortable="false"/>
                <Property MaxLength="1" Name="ActionModify" Type="Edm.String" sap:filterable="false" sap:label="Boolean Variable (X=True, -=False, Space=Unknown)" sap:sortable="false"/>
                <Property Name="ChangeDate" Precision="0" Type="Edm.DateTime" sap:filterable="false" sap:label="Date" sap:sortable="false"/>
                <Property Name="ChangeTime" Precision="0" Type="Edm.Time" sap:filterable="false" sap:label="Field of type TIMS" sap:sortable="false"/>
                <Property MaxLength="80" Name="ChangePersonName" Type="Edm.String" sap:filterable="false" sap:label="Full Name" sap:sortable="false"/>
                <Property MaxLength="5" Name="OperationId" Type="Edm.String" sap:filterable="false" sap:label="R/2 table" sap:sortable="false"/>
                <Property MaxLength="4" Name="AttabsReason" Type="Edm.String" sap:filterable="false" sap:label="Att/abs. reason" sap:sortable="false"/>
                <Property MaxLength="1" Name="Origin" Type="Edm.String" sap:filterable="false" sap:label="Origin" sap:sortable="false"/>
                <Property MaxLength="1" Name="DayAssignment" Type="Edm.String" sap:filterable="false" sap:label="Day assignment" sap:sortable="false"/>
                <Property MaxLength="8" Name="TimeRecId" Type="Edm.String" sap:filterable="false" sap:label="Time rec.ID no." sap:sortable="false"/>
                <Property MaxLength="8" Name="ApproverPernr" Type="Edm.String" sap:filterable="false" sap:label="Personnel No." sap:sortable="false"/>
                <Property MaxLength="60" Name="ApproverName" Type="Edm.String" sap:filterable="false" sap:label="Approver Name" sap:sortable="false"/>
                <Property Name="TimezoneOffset" Precision="4" Scale="2" Type="Edm.Decimal" sap:filterable="false" sap:label="User Time Zone Offset" sap:sortable="false"/>
            </EntityType>
            <EntityContainer Name="HCM_CICO_MANAGE_SRV_Entities" m:IsDefaultEntityContainer="true" sap:supported-formats="atom json">
                <EntitySet EntityType="HCM_CICO_MANAGE_SRV.Approver" Name="ApproverSet" sap:addressable="false" sap:content-version="1" sap:creatable="false" sap:deletable="false" sap:pageable="false" sap:updatable="false"/>
                <EntitySet EntityType="HCM_CICO_MANAGE_SRV.ConcurrentEmployment" Name="ConcurrentEmploymentSet" sap:addressable="false" sap:content-version="1" sap:creatable="false" sap:deletable="false" sap:pageable="false" sap:updatable="false"/>
                <EntitySet EntityType="HCM_CICO_MANAGE_SRV.AttabsReasons" Name="AttabsReasonsSet" sap:content-version="1" sap:creatable="false" sap:deletable="false" sap:pageable="false" sap:updatable="false"/>
                <EntitySet EntityType="HCM_CICO_MANAGE_SRV.TimeStatement" Name="TimeStatementSet" sap:content-version="1" sap:creatable="false" sap:deletable="false" sap:pageable="false" sap:updatable="false"/>
                <EntitySet EntityType="HCM_CICO_MANAGE_SRV.TimeEventType" Name="TimeEventTypeSet" sap:content-version="1" sap:creatable="false" sap:deletable="false" sap:pageable="false" sap:updatable="false"/>
                <EntitySet EntityType="HCM_CICO_MANAGE_SRV.Configuration" Name="ConfigurationSet" sap:content-version="1" sap:creatable="false" sap:deletable="false" sap:pageable="false" sap:updatable="false"/>
                <EntitySet EntityType="HCM_CICO_MANAGE_SRV.Message" Name="MessageSet" sap:content-version="1" sap:creatable="false" sap:deletable="false" sap:pageable="false" sap:updatable="false"/>
                <EntitySet EntityType="HCM_CICO_MANAGE_SRV.TimeEvent" Name="TimeEventSet" sap:content-version="1" sap:creatable="false" sap:deletable="false" sap:pageable="false" sap:updatable="false"/>
            </EntityContainer>
            <atom:link href="./sap/HCM_CICO_MANAGE_SRV/$metadata" rel="self" xmlns:atom="http://www.w3.org/2005/Atom"/>
                <atom:link href="./sap/HCM_CICO_MANAGE_SRV/$metadata" rel="latest-version" xmlns:atom="http://www.w3.org/2005/Atom"/>
                </Schema>
            </edmx:DataServices>
        </edmx:Edmx>