{
	"welcomeFile": "/index.html",
	"routes": [{
		"path": "/sap/opu/odata",
		"wattUsage": "odata_abap",
		"target": {
			"type": "destination",
			"name": "GWD",
			"entryPath": "/sap/opu/odata"
		},
		"description": "GWD"
	}, {
		"path": "/sap/bc/ui5_ui5",
		"wattUsage": "ui5_execute_abap",
		"target": {
			"type": "destination",
			"name": "GWD",
			"entryPath": "/sap/bc/ui5_ui5"
		},
		"description": "GWD"
	}, {
		"path": "/resources",
		"target": {
			"type": "service",
			"name": "sapui5",
			"entryPath": "/resources"
		},
		"description": "SAPUI5 Resources"
	}, {
		"path": "/test-resources",
		"target": {
			"type": "service",
			"name": "sapui5",
			"entryPath": "/test-resources"
		},
		"description": "SAPUI5 Test Resources"
	}, {
		"path": "/dist/resources",
		"target": {
			"type": "service",
			"name": "sapui5",
			"entryPath": "/resources"
		},
		"description": "SAPUI5 Resources"
	}, {
		"path": "/dist/test-resources",
		"target": {
			"type": "service",
			"name": "sapui5",
			"entryPath": "/test-resources"
		},
		"description": "SAPUI5 Test Resources"
	}, {
		"path": "/resources",
		"target": {
			"type": "service",
			"name": "sapui5",
			"entryPath": "/resources"
		},
		"description": "SAPUI5 Resources"
	}, {
		"path": "/test-resources",
		"target": {
			"type": "service",
			"name": "sapui5",
			"entryPath": "/test-resources"
		},
		"description": "SAPUI5 Test Resources"
	}],
	"sendWelcomeFileRedirect": true
}