{
    "resources": [
        {
            "name": "Component.js"
        },
        {
            "name": "index.html"
        },
        {
            "name": "localService/metadata.xml"
        },
        {
            "name": "localService/Product.json"
        },
        {
            "name": "localService/PurchaseOrder.json"
        },
        {
            "name": "localService/PurchaseOrderItem.json"
        },
        {
            "name": "localService/Supplier.json"
        },
        {
            "name": "view/RequestDetailCustom.controller.js"
        },
        {
            "name": "view/RequestDetailCustom.view.xml"
        },
        {
            "name": "visual_ext_index.html"
        },
        {
            "name": "Component-preload.js",
            "merged": true
        },
        {
            "name": "neo-app.json"
        }
    ]
}