{
  "_version": "1.1.0",
  "resources": [
    {
      "name": "Component-dbg.js",
      "module": "hcm/fab/mytimesheet/Component.js",
      "isDebug": true,
      "required": [
        "sap/ui/core/UIComponent.js",
        "sap/ui/Device.js",
        "hcm/fab/mytimesheet/model/models.js",
        "hcm/fab/mytimesheet/controller/ErrorHandler.js",
        "hcm/fab/mytimesheet/controller/BaseController.js"
      ]
    },
    {
      "name": "Component-preload.js",
      "merged": true
    },
    {
      "name": "Component.js",
      "module": "hcm/fab/mytimesheet/Component.js",
      "required": [
        "sap/ui/core/UIComponent.js",
        "sap/ui/Device.js",
        "hcm/fab/mytimesheet/model/models.js",
        "hcm/fab/mytimesheet/controller/ErrorHandler.js",
        "hcm/fab/mytimesheet/controller/BaseController.js"
      ]
    },
    {
      "name": "controller/App-dbg.controller.js",
      "module": "hcm/fab/mytimesheet/controller/App.controller.js",
      "isDebug": true,
      "required": [
        "hcm/fab/mytimesheet/controller/BaseController.js",
        "sap/ui/model/json/JSONModel.js"
      ]
    },
    {
      "name": "controller/App.controller.js",
      "module": "hcm/fab/mytimesheet/controller/App.controller.js",
      "required": [
        "hcm/fab/mytimesheet/controller/BaseController.js",
        "sap/ui/model/json/JSONModel.js"
      ]
    },
    {
      "name": "controller/BaseController-dbg.js",
      "module": "hcm/fab/mytimesheet/controller/BaseController.js",
      "isDebug": true,
      "required": [
        "sap/ui/core/mvc/Controller.js"
      ]
    },
    {
      "name": "controller/BaseController.js",
      "module": "hcm/fab/mytimesheet/controller/BaseController.js",
      "required": [
        "sap/ui/core/mvc/Controller.js"
      ]
    },
    {
      "name": "controller/EditAssignment-dbg.controller.js",
      "module": "hcm/fab/mytimesheet/controller/EditAssignment.controller.js",
      "isDebug": true,
      "required": [
        "hcm/fab/mytimesheet/controller/BaseController.js",
        "sap/ui/model/json/JSONModel.js",
        "hcm/fab/mytimesheet/model/formatter.js",
        "sap/m/MessagePopover.js",
        "sap/m/MessagePopoverItem.js",
        "sap/ui/core/routing/History.js",
        "sap/m/Dialog.js",
        "sap/m/Text.js"
      ]
    },
    {
      "name": "controller/EditAssignment.controller.js",
      "module": "hcm/fab/mytimesheet/controller/EditAssignment.controller.js",
      "required": [
        "hcm/fab/mytimesheet/controller/BaseController.js",
        "sap/ui/model/json/JSONModel.js",
        "hcm/fab/mytimesheet/model/formatter.js",
        "sap/m/MessagePopover.js",
        "sap/m/MessagePopoverItem.js",
        "sap/ui/core/routing/History.js",
        "sap/m/Dialog.js",
        "sap/m/Text.js"
      ]
    },
    {
      "name": "controller/EditToDoMobile-dbg.controller.js",
      "module": "hcm/fab/mytimesheet/controller/EditToDoMobile.controller.js",
      "isDebug": true,
      "required": [
        "hcm/fab/mytimesheet/controller/BaseController.js",
        "sap/ui/model/json/JSONModel.js",
        "sap/ui/core/routing/History.js",
        "hcm/fab/mytimesheet/model/formatter.js",
        "sap/m/MessagePopover.js",
        "sap/m/MessagePopoverItem.js"
      ]
    },
    {
      "name": "controller/EditToDoMobile.controller.js",
      "module": "hcm/fab/mytimesheet/controller/EditToDoMobile.controller.js",
      "required": [
        "hcm/fab/mytimesheet/controller/BaseController.js",
        "sap/ui/model/json/JSONModel.js",
        "sap/ui/core/routing/History.js",
        "hcm/fab/mytimesheet/model/formatter.js",
        "sap/m/MessagePopover.js",
        "sap/m/MessagePopoverItem.js"
      ]
    },
    {
      "name": "controller/ErrorHandler-dbg.js",
      "module": "hcm/fab/mytimesheet/controller/ErrorHandler.js",
      "isDebug": true,
      "required": [
        "sap/ui/base/Object.js",
        "sap/m/MessageBox.js"
      ]
    },
    {
      "name": "controller/ErrorHandler.js",
      "module": "hcm/fab/mytimesheet/controller/ErrorHandler.js",
      "required": [
        "sap/ui/base/Object.js",
        "sap/m/MessageBox.js"
      ]
    },
    {
      "name": "controller/NotFound-dbg.controller.js",
      "module": "hcm/fab/mytimesheet/controller/NotFound.controller.js",
      "isDebug": true,
      "required": [
        "hcm/fab/mytimesheet/controller/BaseController.js"
      ]
    },
    {
      "name": "controller/NotFound.controller.js",
      "module": "hcm/fab/mytimesheet/controller/NotFound.controller.js",
      "required": [
        "hcm/fab/mytimesheet/controller/BaseController.js"
      ]
    },
    {
      "name": "controller/Object-dbg.controller.js",
      "module": "hcm/fab/mytimesheet/controller/Object.controller.js",
      "isDebug": true,
      "required": [
        "hcm/fab/mytimesheet/controller/BaseController.js",
        "sap/ui/model/json/JSONModel.js",
        "sap/ui/core/routing/History.js",
        "hcm/fab/mytimesheet/model/formatter.js",
        "sap/m/MessagePopover.js",
        "sap/m/MessagePopoverItem.js"
      ]
    },
    {
      "name": "controller/Object.controller.js",
      "module": "hcm/fab/mytimesheet/controller/Object.controller.js",
      "required": [
        "hcm/fab/mytimesheet/controller/BaseController.js",
        "sap/ui/model/json/JSONModel.js",
        "sap/ui/core/routing/History.js",
        "hcm/fab/mytimesheet/model/formatter.js",
        "sap/m/MessagePopover.js",
        "sap/m/MessagePopoverItem.js"
      ]
    },
    {
      "name": "controller/Worklist-dbg.controller.js",
      "module": "hcm/fab/mytimesheet/controller/Worklist.controller.js",
      "isDebug": true,
      "required": [
        "hcm/fab/mytimesheet/controller/BaseController.js",
        "sap/ui/model/json/JSONModel.js",
        "sap/ui/core/routing/History.js",
        "hcm/fab/mytimesheet/model/formatter.js",
        "sap/ui/model/Filter.js",
        "sap/ui/model/FilterOperator.js",
        "sap/m/MessagePopover.js",
        "sap/m/MessagePopoverItem.js",
        "sap/m/TablePersoController.js",
        "sap/m/GroupHeaderListItem.js",
        "sap/ui/core/Fragment.js",
        "sap/m/Dialog.js",
        "sap/m/Text.js"
      ]
    },
    {
      "name": "controller/Worklist.controller.js",
      "module": "hcm/fab/mytimesheet/controller/Worklist.controller.js",
      "required": [
        "hcm/fab/mytimesheet/controller/BaseController.js",
        "sap/ui/model/json/JSONModel.js",
        "sap/ui/core/routing/History.js",
        "hcm/fab/mytimesheet/model/formatter.js",
        "sap/ui/model/Filter.js",
        "sap/ui/model/FilterOperator.js",
        "sap/m/MessagePopover.js",
        "sap/m/MessagePopoverItem.js",
        "sap/m/TablePersoController.js",
        "sap/m/GroupHeaderListItem.js",
        "sap/ui/core/Fragment.js",
        "sap/m/Dialog.js",
        "sap/m/Text.js"
      ]
    },
    {
      "name": "controller/blockCommon-dbg.controller.js",
      "module": "hcm/fab/mytimesheet/controller/blockCommon.controller.js",
      "isDebug": true,
      "required": [
        "hcm/fab/mytimesheet/controller/BaseController.js",
        "sap/ui/model/json/JSONModel.js",
        "hcm/fab/mytimesheet/model/formatter.js",
        "sap/m/MessagePopover.js",
        "sap/m/MessagePopoverItem.js",
        "sap/ui/core/routing/History.js",
        "sap/m/Dialog.js",
        "sap/m/Text.js",
        "hcm/fab/mytimesheet/model/models.js",
        "sap/ui/model/Filter.js",
        "sap/ui/model/FilterOperator.js"
      ]
    },
    {
      "name": "controller/blockCommon.controller.js",
      "module": "hcm/fab/mytimesheet/controller/blockCommon.controller.js",
      "required": [
        "hcm/fab/mytimesheet/controller/BaseController.js",
        "sap/ui/model/json/JSONModel.js",
        "hcm/fab/mytimesheet/model/formatter.js",
        "sap/m/MessagePopover.js",
        "sap/m/MessagePopoverItem.js",
        "sap/ui/core/routing/History.js",
        "sap/m/Dialog.js",
        "sap/m/Text.js",
        "hcm/fab/mytimesheet/model/models.js",
        "sap/ui/model/Filter.js",
        "sap/ui/model/FilterOperator.js"
      ]
    },
    {
      "name": "controller/blockCommon1-dbg.controller.js",
      "module": "hcm/fab/mytimesheet/controller/blockCommon1.controller.js",
      "isDebug": true,
      "required": [
        "sap/ui/core/mvc/Controller.js"
      ]
    },
    {
      "name": "controller/blockCommon1.controller.js",
      "module": "hcm/fab/mytimesheet/controller/blockCommon1.controller.js",
      "required": [
        "sap/ui/core/mvc/Controller.js"
      ]
    },
    {
      "name": "controller/createGroup-dbg.controller.js",
      "module": "hcm/fab/mytimesheet/controller/createGroup.controller.js",
      "isDebug": true,
      "required": [
        "hcm/fab/mytimesheet/controller/BaseController.js",
        "sap/ui/model/json/JSONModel.js",
        "hcm/fab/mytimesheet/model/formatter.js",
        "sap/m/MessagePopover.js",
        "sap/m/MessagePopoverItem.js",
        "sap/ui/core/routing/History.js",
        "sap/m/Dialog.js",
        "sap/m/Text.js"
      ]
    },
    {
      "name": "controller/createGroup.controller.js",
      "module": "hcm/fab/mytimesheet/controller/createGroup.controller.js",
      "required": [
        "hcm/fab/mytimesheet/controller/BaseController.js",
        "sap/ui/model/json/JSONModel.js",
        "hcm/fab/mytimesheet/model/formatter.js",
        "sap/m/MessagePopover.js",
        "sap/m/MessagePopoverItem.js",
        "sap/ui/core/routing/History.js",
        "sap/m/Dialog.js",
        "sap/m/Text.js"
      ]
    },
    {
      "name": "i18n/i18n.properties",
      "module": "hcm/fab/mytimesheet/i18n/i18n.properties",
      "locale": "",
      "raw": "i18n/i18n.properties"
    },
    {
      "name": "i18n/i18n_ar.properties",
      "module": "hcm/fab/mytimesheet/i18n/i18n_ar.properties",
      "locale": "ar",
      "raw": "i18n/i18n.properties"
    },
    {
      "name": "i18n/i18n_cs.properties",
      "module": "hcm/fab/mytimesheet/i18n/i18n_cs.properties",
      "locale": "cs",
      "raw": "i18n/i18n.properties"
    },
    {
      "name": "i18n/i18n_de.properties",
      "module": "hcm/fab/mytimesheet/i18n/i18n_de.properties",
      "locale": "de",
      "raw": "i18n/i18n.properties"
    },
    {
      "name": "i18n/i18n_en.properties",
      "module": "hcm/fab/mytimesheet/i18n/i18n_en.properties",
      "locale": "en",
      "raw": "i18n/i18n.properties"
    },
    {
      "name": "i18n/i18n_en_US_sappsd.properties",
      "module": "hcm/fab/mytimesheet/i18n/i18n_en_US_sappsd.properties",
      "locale": "en_US_sappsd",
      "raw": "i18n/i18n.properties"
    },
    {
      "name": "i18n/i18n_en_US_saptrc.properties",
      "module": "hcm/fab/mytimesheet/i18n/i18n_en_US_saptrc.properties",
      "locale": "en_US_saptrc",
      "raw": "i18n/i18n.properties"
    },
    {
      "name": "i18n/i18n_es.properties",
      "module": "hcm/fab/mytimesheet/i18n/i18n_es.properties",
      "locale": "es",
      "raw": "i18n/i18n.properties"
    },
    {
      "name": "i18n/i18n_fr.properties",
      "module": "hcm/fab/mytimesheet/i18n/i18n_fr.properties",
      "locale": "fr",
      "raw": "i18n/i18n.properties"
    },
    {
      "name": "i18n/i18n_hu.properties",
      "module": "hcm/fab/mytimesheet/i18n/i18n_hu.properties",
      "locale": "hu",
      "raw": "i18n/i18n.properties"
    },
    {
      "name": "i18n/i18n_it.properties",
      "module": "hcm/fab/mytimesheet/i18n/i18n_it.properties",
      "locale": "it",
      "raw": "i18n/i18n.properties"
    },
    {
      "name": "i18n/i18n_iw.properties",
      "module": "hcm/fab/mytimesheet/i18n/i18n_iw.properties",
      "locale": "iw",
      "raw": "i18n/i18n.properties"
    },
    {
      "name": "i18n/i18n_ja.properties",
      "module": "hcm/fab/mytimesheet/i18n/i18n_ja.properties",
      "locale": "ja",
      "raw": "i18n/i18n.properties"
    },
    {
      "name": "i18n/i18n_nl.properties",
      "module": "hcm/fab/mytimesheet/i18n/i18n_nl.properties",
      "locale": "nl",
      "raw": "i18n/i18n.properties"
    },
    {
      "name": "i18n/i18n_no.properties",
      "module": "hcm/fab/mytimesheet/i18n/i18n_no.properties",
      "locale": "no",
      "raw": "i18n/i18n.properties"
    },
    {
      "name": "i18n/i18n_pl.properties",
      "module": "hcm/fab/mytimesheet/i18n/i18n_pl.properties",
      "locale": "pl",
      "raw": "i18n/i18n.properties"
    },
    {
      "name": "i18n/i18n_pt.properties",
      "module": "hcm/fab/mytimesheet/i18n/i18n_pt.properties",
      "locale": "pt",
      "raw": "i18n/i18n.properties"
    },
    {
      "name": "i18n/i18n_ru.properties",
      "module": "hcm/fab/mytimesheet/i18n/i18n_ru.properties",
      "locale": "ru",
      "raw": "i18n/i18n.properties"
    },
    {
      "name": "i18n/i18n_tr.properties",
      "module": "hcm/fab/mytimesheet/i18n/i18n_tr.properties",
      "locale": "tr",
      "raw": "i18n/i18n.properties"
    },
    {
      "name": "i18n/i18n_zh_CN.properties",
      "module": "hcm/fab/mytimesheet/i18n/i18n_zh_CN.properties",
      "locale": "zh_CN",
      "raw": "i18n/i18n.properties"
    },
    {
      "name": "i18n/i18n_zh_TW.properties",
      "module": "hcm/fab/mytimesheet/i18n/i18n_zh_TW.properties",
      "locale": "zh_TW",
      "raw": "i18n/i18n.properties"
    },
    {
      "name": "localService/metadata.xml"
    },
    {
      "name": "localService/mockserver-dbg.js",
      "isDebug": true
    },
    {
      "name": "localService/mockserver.js"
    },
    {
      "name": "manifest.json",
      "module": "hcm/fab/mytimesheet/manifest.json"
    },
    {
      "name": "model/formatter-dbg.js",
      "module": "hcm/fab/mytimesheet/model/formatter.js",
      "isDebug": true
    },
    {
      "name": "model/formatter.js",
      "module": "hcm/fab/mytimesheet/model/formatter.js"
    },
    {
      "name": "model/models-dbg.js",
      "module": "hcm/fab/mytimesheet/model/models.js",
      "isDebug": true,
      "required": [
        "sap/ui/model/json/JSONModel.js",
        "sap/ui/Device.js"
      ]
    },
    {
      "name": "model/models.js",
      "module": "hcm/fab/mytimesheet/model/models.js",
      "required": [
        "sap/ui/model/json/JSONModel.js",
        "sap/ui/Device.js"
      ]
    },
    {
      "name": "resources.json"
    },
    {
      "name": "version.json"
    },
    {
      "name": "view/App.view.xml",
      "module": "hcm/fab/mytimesheet/view/App.view.xml",
      "required": [
        "sap/ui/core/mvc/XMLView.js",
        "hcm/fab/mytimesheet/controller/App.controller.js",
        "sap/m/App.js"
      ]
    },
    {
      "name": "view/EditAssignment.view.xml",
      "module": "hcm/fab/mytimesheet/view/EditAssignment.view.xml",
      "required": [
        "sap/ui/core/mvc/XMLView.js",
        "hcm/fab/mytimesheet/controller/EditAssignment.controller.js",
        "sap/uxap/ObjectPageLayout.js",
        "sap/uxap/ObjectPageHeader.js",
        "sap/m/Button.js",
        "sap/ui/core/ExtensionPoint.js",
        "sap/uxap/ObjectPageSection.js",
        "sap/uxap/ObjectPageSubSection.js",
        "hcm/fab/mytimesheet/view/blocks/blockEditAssignmentHeader.js",
        "hcm/fab/mytimesheet/view/blocks/blockEditAssignmentDetails.js",
        "hcm/fab/mytimesheet/view/blocks/blockDisplayAssignmentDetails.js",
        "sap/m/OverflowToolbar.js",
        "sap/m/ToolbarSpacer.js"
      ]
    },
    {
      "name": "view/EditToDoMobile.view.xml",
      "module": "hcm/fab/mytimesheet/view/EditToDoMobile.view.xml",
      "required": [
        "sap/ui/core/mvc/XMLView.js",
        "hcm/fab/mytimesheet/controller/EditToDoMobile.controller.js",
        "sap/f/DynamicPage.js",
        "sap/f/DynamicPageTitle.js",
        "sap/m/Title.js",
        "sap/f/DynamicPageHeader.js",
        "sap/m/ToolbarSpacer.js",
        "sap/m/VBox.js",
        "sap/ui/layout/form/Form.js",
        "sap/ui/layout/form/ResponsiveGridLayout.js",
        "sap/ui/layout/form/FormContainer.js",
        "sap/ui/layout/form/FormElement.js",
        "sap/m/ObjectStatus.js",
        "sap/m/ComboBox.js",
        "sap/ui/core/Item.js",
        "sap/m/Input.js",
        "sap/m/TimePicker.js",
        "sap/m/TextArea.js",
        "sap/m/OverflowToolbar.js",
        "sap/m/Button.js"
      ]
    },
    {
      "name": "view/NotFound.view.xml",
      "module": "hcm/fab/mytimesheet/view/NotFound.view.xml",
      "required": [
        "sap/ui/core/mvc/XMLView.js",
        "hcm/fab/mytimesheet/controller/NotFound.controller.js",
        "sap/m/MessagePage.js",
        "sap/m/Link.js"
      ]
    },
    {
      "name": "view/Object.view.xml",
      "module": "hcm/fab/mytimesheet/view/Object.view.xml",
      "required": [
        "sap/ui/core/mvc/XMLView.js",
        "hcm/fab/mytimesheet/controller/Object.controller.js",
        "sap/f/DynamicPage.js",
        "sap/f/DynamicPageTitle.js",
        "sap/m/Title.js",
        "sap/m/Button.js",
        "sap/f/DynamicPageHeader.js",
        "sap/m/VBox.js",
        "sap/ui/layout/form/Form.js",
        "sap/ui/layout/form/ResponsiveGridLayout.js",
        "sap/ui/layout/form/FormContainer.js",
        "sap/ui/layout/form/FormElement.js",
        "sap/m/Input.js",
        "sap/ui/core/CustomData.js",
        "sap/m/Switch.js",
        "sap/m/OverflowToolbar.js",
        "sap/m/ToolbarSpacer.js"
      ]
    },
    {
      "name": "view/ObjectNotFound.view.xml",
      "module": "hcm/fab/mytimesheet/view/ObjectNotFound.view.xml",
      "required": [
        "sap/ui/core/mvc/XMLView.js",
        "hcm/fab/mytimesheet/controller/NotFound.controller.js",
        "sap/m/MessagePage.js",
        "sap/m/Link.js"
      ]
    },
    {
      "name": "view/Worklist.view.xml",
      "module": "hcm/fab/mytimesheet/view/Worklist.view.xml",
      "required": [
        "sap/ui/core/mvc/XMLView.js",
        "hcm/fab/mytimesheet/controller/Worklist.controller.js",
        "sap/uxap/ObjectPageLayout.js",
        "sap/uxap/ObjectPageHeader.js",
        "hcm/fab/lib/common/controls/ConcurrentEmploymentObjectPageHeaderActionButton.js",
        "sap/ui/core/ExtensionPoint.js",
        "sap/uxap/ObjectPageSection.js",
        "sap/uxap/ObjectPageSubSection.js",
        "sap/m/VBox.js",
        "sap/m/MessageStrip.js",
        "sap/m/Link.js",
        "sap/ui/layout/DynamicSideContent.js",
        "sap/ui/layout/VerticalLayout.js",
        "sap/ui/unified/Calendar.js",
        "sap/ui/unified/CalendarLegend.js",
        "sap/ui/unified/CalendarLegendItem.js",
        "sap/ui/unified/CalendarDateInterval.js",
        "sap/m/Table.js",
        "sap/m/OverflowToolbar.js",
        "sap/m/ComboBox.js",
        "sap/ui/core/Item.js",
        "sap/m/ObjectIdentifier.js",
        "sap/m/ToolbarSpacer.js",
        "sap/m/Button.js",
        "sap/m/Column.js",
        "sap/m/Text.js",
        "sap/m/ColumnListItem.js",
        "sap/m/ObjectStatus.js",
        "sap/m/ObjectNumber.js",
        "sap/m/CheckBox.js",
        "sap/m/Title.js",
        "sap/m/SegmentedButton.js",
        "sap/m/SegmentedButtonItem.js",
        "sap/m/SearchField.js",
        "sap/m/MenuButton.js",
        "sap/m/Menu.js",
        "sap/m/MenuItem.js"
      ]
    },
    {
      "name": "view/blockCommon.view.xml",
      "module": "hcm/fab/mytimesheet/view/blockCommon.view.xml",
      "required": [
        "sap/ui/core/mvc/XMLView.js",
        "hcm/fab/mytimesheet/controller/blockCommon.controller.js",
        "sap/m/App.js",
        "sap/m/Page.js"
      ]
    },
    {
      "name": "view/blocks/HeaderDisplayTask-dbg.js",
      "module": "hcm/fab/mytimesheet/view/blocks/HeaderDisplayTask.js",
      "isDebug": true,
      "required": [
        "sap/uxap/BlockBase.js",
        "hcm/fab/mytimesheet/model/formatter.js"
      ]
    },
    {
      "name": "view/blocks/HeaderDisplayTask.js",
      "module": "hcm/fab/mytimesheet/view/blocks/HeaderDisplayTask.js",
      "required": [
        "sap/uxap/BlockBase.js",
        "hcm/fab/mytimesheet/model/formatter.js"
      ]
    },
    {
      "name": "view/blocks/HeaderDisplayTask.view.xml",
      "module": "hcm/fab/mytimesheet/view/blocks/HeaderDisplayTask.view.xml",
      "required": [
        "sap/ui/core/mvc/XMLView.js",
        "sap/m/VBox.js",
        "sap/ui/layout/form/Form.js",
        "sap/ui/layout/form/ResponsiveGridLayout.js",
        "sap/ui/layout/form/FormContainer.js",
        "sap/ui/layout/form/FormElement.js",
        "sap/m/Text.js",
        "sap/m/ObjectStatus.js"
      ]
    },
    {
      "name": "view/blocks/blockCommon-dbg.controller.js",
      "module": "hcm/fab/mytimesheet/view/blocks/blockCommon.controller.js",
      "isDebug": true,
      "required": [
        "hcm/fab/mytimesheet/controller/BaseController.js",
        "sap/ui/model/json/JSONModel.js",
        "hcm/fab/mytimesheet/model/formatter.js",
        "sap/m/MessagePopover.js",
        "sap/m/MessagePopoverItem.js",
        "sap/ui/core/routing/History.js",
        "sap/m/Dialog.js",
        "sap/m/Text.js"
      ]
    },
    {
      "name": "view/blocks/blockCommon.controller.js",
      "module": "hcm/fab/mytimesheet/view/blocks/blockCommon.controller.js",
      "required": [
        "hcm/fab/mytimesheet/controller/BaseController.js",
        "sap/ui/model/json/JSONModel.js",
        "hcm/fab/mytimesheet/model/formatter.js",
        "sap/m/MessagePopover.js",
        "sap/m/MessagePopoverItem.js",
        "sap/ui/core/routing/History.js",
        "sap/m/Dialog.js",
        "sap/m/Text.js"
      ]
    },
    {
      "name": "view/blocks/blockCreateGroupDetails-dbg.js",
      "module": "hcm/fab/mytimesheet/view/blocks/blockCreateGroupDetails.js",
      "isDebug": true,
      "required": [
        "sap/uxap/BlockBase.js",
        "hcm/fab/mytimesheet/model/formatter.js"
      ]
    },
    {
      "name": "view/blocks/blockCreateGroupDetails.js",
      "module": "hcm/fab/mytimesheet/view/blocks/blockCreateGroupDetails.js",
      "required": [
        "sap/uxap/BlockBase.js",
        "hcm/fab/mytimesheet/model/formatter.js"
      ]
    },
    {
      "name": "view/blocks/blockCreateGroupDetails.view.xml",
      "module": "hcm/fab/mytimesheet/view/blocks/blockCreateGroupDetails.view.xml",
      "required": [
        "sap/ui/core/mvc/XMLView.js",
        "hcm/fab/mytimesheet/controller/blockCommon.controller.js",
        "sap/m/Table.js",
        "sap/m/OverflowToolbar.js",
        "sap/m/ToolbarSpacer.js",
        "sap/m/Button.js",
        "sap/m/Column.js",
        "sap/m/Text.js",
        "sap/m/ColumnListItem.js"
      ]
    },
    {
      "name": "view/blocks/blockCreateGroupHeader-dbg.js",
      "module": "hcm/fab/mytimesheet/view/blocks/blockCreateGroupHeader.js",
      "isDebug": true,
      "required": [
        "sap/uxap/BlockBase.js",
        "hcm/fab/mytimesheet/model/formatter.js"
      ]
    },
    {
      "name": "view/blocks/blockCreateGroupHeader.js",
      "module": "hcm/fab/mytimesheet/view/blocks/blockCreateGroupHeader.js",
      "required": [
        "sap/uxap/BlockBase.js",
        "hcm/fab/mytimesheet/model/formatter.js"
      ]
    },
    {
      "name": "view/blocks/blockCreateGroupHeader.view.xml",
      "module": "hcm/fab/mytimesheet/view/blocks/blockCreateGroupHeader.view.xml",
      "required": [
        "sap/ui/core/mvc/XMLView.js",
        "hcm/fab/mytimesheet/controller/blockCommon.controller.js",
        "sap/ui/layout/form/Form.js",
        "sap/ui/layout/form/FormContainer.js",
        "sap/ui/layout/form/FormElement.js",
        "sap/m/Input.js"
      ]
    },
    {
      "name": "view/blocks/blockDisplayAssignmentDetails-dbg.js",
      "module": "hcm/fab/mytimesheet/view/blocks/blockDisplayAssignmentDetails.js",
      "isDebug": true,
      "required": [
        "sap/uxap/BlockBase.js",
        "hcm/fab/mytimesheet/model/formatter.js"
      ]
    },
    {
      "name": "view/blocks/blockDisplayAssignmentDetails.js",
      "module": "hcm/fab/mytimesheet/view/blocks/blockDisplayAssignmentDetails.js",
      "required": [
        "sap/uxap/BlockBase.js",
        "hcm/fab/mytimesheet/model/formatter.js"
      ]
    },
    {
      "name": "view/blocks/blockDisplayAssignmentDetails.view.xml",
      "module": "hcm/fab/mytimesheet/view/blocks/blockDisplayAssignmentDetails.view.xml",
      "required": [
        "sap/ui/core/mvc/XMLView.js",
        "hcm/fab/mytimesheet/controller/blockCommon.controller.js",
        "sap/ui/layout/form/Form.js",
        "sap/ui/layout/form/FormContainer.js",
        "sap/ui/layout/form/FormElement.js",
        "sap/m/Text.js"
      ]
    },
    {
      "name": "view/blocks/blockDisplayGroupHeader-dbg.js",
      "module": "hcm/fab/mytimesheet/view/blocks/blockDisplayGroupHeader.js",
      "isDebug": true,
      "required": [
        "sap/uxap/BlockBase.js",
        "hcm/fab/mytimesheet/model/formatter.js"
      ]
    },
    {
      "name": "view/blocks/blockDisplayGroupHeader.js",
      "module": "hcm/fab/mytimesheet/view/blocks/blockDisplayGroupHeader.js",
      "required": [
        "sap/uxap/BlockBase.js",
        "hcm/fab/mytimesheet/model/formatter.js"
      ]
    },
    {
      "name": "view/blocks/blockDisplayGroupHeader.view.xml",
      "module": "hcm/fab/mytimesheet/view/blocks/blockDisplayGroupHeader.view.xml",
      "required": [
        "sap/ui/core/mvc/XMLView.js",
        "hcm/fab/mytimesheet/controller/blockCommon.controller.js",
        "sap/ui/layout/form/Form.js",
        "sap/ui/layout/form/FormContainer.js",
        "sap/ui/layout/form/FormElement.js",
        "sap/m/Text.js"
      ]
    },
    {
      "name": "view/blocks/blockEditAssignmentDetails-dbg.js",
      "module": "hcm/fab/mytimesheet/view/blocks/blockEditAssignmentDetails.js",
      "isDebug": true,
      "required": [
        "sap/uxap/BlockBase.js"
      ]
    },
    {
      "name": "view/blocks/blockEditAssignmentDetails.js",
      "module": "hcm/fab/mytimesheet/view/blocks/blockEditAssignmentDetails.js",
      "required": [
        "sap/uxap/BlockBase.js"
      ]
    },
    {
      "name": "view/blocks/blockEditAssignmentDetails.view.xml",
      "module": "hcm/fab/mytimesheet/view/blocks/blockEditAssignmentDetails.view.xml",
      "required": [
        "sap/ui/core/mvc/XMLView.js",
        "hcm/fab/mytimesheet/controller/blockCommon.controller.js",
        "sap/ui/layout/form/Form.js",
        "sap/ui/layout/form/ResponsiveGridLayout.js",
        "sap/ui/layout/form/FormContainer.js",
        "sap/ui/layout/form/FormElement.js",
        "sap/ui/layout/VerticalLayout.js",
        "sap/m/Input.js",
        "sap/ui/core/CustomData.js",
        "sap/m/DatePicker.js"
      ]
    },
    {
      "name": "view/blocks/blockEditAssignmentHeader-dbg.js",
      "module": "hcm/fab/mytimesheet/view/blocks/blockEditAssignmentHeader.js",
      "isDebug": true,
      "required": [
        "sap/uxap/BlockBase.js"
      ]
    },
    {
      "name": "view/blocks/blockEditAssignmentHeader.js",
      "module": "hcm/fab/mytimesheet/view/blocks/blockEditAssignmentHeader.js",
      "required": [
        "sap/uxap/BlockBase.js"
      ]
    },
    {
      "name": "view/blocks/blockEditAssignmentHeader.view.xml",
      "module": "hcm/fab/mytimesheet/view/blocks/blockEditAssignmentHeader.view.xml",
      "required": [
        "sap/ui/core/mvc/XMLView.js",
        "hcm/fab/mytimesheet/controller/blockCommon.controller.js",
        "sap/ui/layout/form/Form.js",
        "sap/ui/layout/form/FormContainer.js",
        "sap/ui/layout/form/FormElement.js",
        "sap/m/Input.js",
        "sap/m/DateRangeSelection.js",
        "sap/m/Switch.js"
      ]
    },
    {
      "name": "view/createGroup.view.xml",
      "module": "hcm/fab/mytimesheet/view/createGroup.view.xml",
      "required": [
        "sap/ui/core/mvc/XMLView.js",
        "hcm/fab/mytimesheet/controller/createGroup.controller.js",
        "sap/uxap/ObjectPageLayout.js",
        "sap/uxap/ObjectPageHeader.js",
        "sap/m/Button.js",
        "sap/ui/core/ExtensionPoint.js",
        "sap/uxap/ObjectPageSection.js",
        "sap/uxap/ObjectPageSubSection.js",
        "hcm/fab/mytimesheet/view/blocks/blockCreateGroupHeader.js",
        "hcm/fab/mytimesheet/view/blocks/blockDisplayGroupHeader.js",
        "hcm/fab/mytimesheet/view/blocks/blockCreateGroupDetails.js",
        "sap/m/OverflowToolbar.js",
        "sap/m/ToolbarSpacer.js"
      ]
    },
    {
      "name": "view/fragments/AddAssignmentsInGroup.fragment.xml",
      "module": "hcm/fab/mytimesheet/view/fragments/AddAssignmentsInGroup.fragment.xml",
      "required": [
        "sap/ui/core/Fragment.js",
        "sap/m/TableSelectDialog.js",
        "sap/m/Column.js",
        "sap/m/Text.js",
        "sap/m/ColumnListItem.js"
      ]
    },
    {
      "name": "view/fragments/AdminlistPopover.fragment.xml",
      "module": "hcm/fab/mytimesheet/view/fragments/AdminlistPopover.fragment.xml",
      "required": [
        "sap/ui/core/Fragment.js",
        "sap/m/Dialog.js",
        "sap/m/MessageStrip.js",
        "sap/m/Table.js",
        "sap/m/Button.js"
      ]
    },
    {
      "name": "view/fragments/AssignmentQuickView.fragment.xml",
      "module": "hcm/fab/mytimesheet/view/fragments/AssignmentQuickView.fragment.xml",
      "required": [
        "sap/ui/core/Fragment.js",
        "sap/m/QuickView.js",
        "sap/m/QuickViewPage.js",
        "sap/m/QuickViewGroup.js",
        "sap/m/QuickViewGroupElement.js"
      ]
    },
    {
      "name": "view/fragments/CancelConfirmationPopOver.fragment.xml",
      "module": "hcm/fab/mytimesheet/view/fragments/CancelConfirmationPopOver.fragment.xml",
      "required": [
        "sap/ui/core/Fragment.js",
        "sap/m/Popover.js",
        "sap/ui/layout/form/Form.js",
        "sap/ui/layout/form/ResponsiveGridLayout.js",
        "sap/ui/layout/form/FormContainer.js",
        "sap/ui/layout/form/FormElement.js",
        "sap/m/Label.js",
        "sap/m/Button.js"
      ]
    },
    {
      "name": "view/fragments/ClockTimesPopOver.fragment.xml",
      "module": "hcm/fab/mytimesheet/view/fragments/ClockTimesPopOver.fragment.xml",
      "required": [
        "sap/ui/core/Fragment.js",
        "sap/m/Dialog.js",
        "sap/ui/layout/ResponsiveFlowLayout.js",
        "sap/m/TimePicker.js",
        "sap/m/Button.js"
      ]
    },
    {
      "name": "view/fragments/ConfirmationPopOver.fragment.xml",
      "module": "hcm/fab/mytimesheet/view/fragments/ConfirmationPopOver.fragment.xml",
      "required": [
        "sap/ui/core/Fragment.js",
        "sap/m/ResponsivePopover.js",
        "sap/m/Button.js",
        "sap/m/Text.js"
      ]
    },
    {
      "name": "view/fragments/CopyTask.fragment.xml",
      "module": "hcm/fab/mytimesheet/view/fragments/CopyTask.fragment.xml",
      "required": [
        "sap/ui/core/Fragment.js",
        "sap/m/P13nDialog.js",
        "sap/ui/layout/form/Form.js",
        "sap/ui/layout/form/ResponsiveGridLayout.js",
        "sap/ui/layout/form/FormContainer.js",
        "sap/ui/layout/form/FormElement.js",
        "sap/m/Input.js",
        "sap/ui/core/CustomData.js",
        "sap/m/TextArea.js"
      ]
    },
    {
      "name": "view/fragments/CreateTask.fragment.xml",
      "module": "hcm/fab/mytimesheet/view/fragments/CreateTask.fragment.xml",
      "required": [
        "sap/ui/core/Fragment.js",
        "sap/m/VBox.js",
        "sap/ui/layout/form/Form.js",
        "sap/ui/core/Title.js",
        "sap/ui/layout/form/ResponsiveGridLayout.js",
        "sap/ui/layout/form/FormContainer.js",
        "sap/ui/layout/form/FormElement.js",
        "sap/m/Text.js",
        "sap/m/ObjectStatus.js"
      ]
    },
    {
      "name": "view/fragments/DisplayTask.fragment.xml",
      "module": "hcm/fab/mytimesheet/view/fragments/DisplayTask.fragment.xml",
      "required": [
        "sap/ui/core/Fragment.js",
        "sap/m/VBox.js",
        "sap/ui/layout/form/Form.js",
        "sap/ui/core/Title.js",
        "sap/ui/layout/form/ResponsiveGridLayout.js",
        "sap/ui/layout/form/FormContainer.js",
        "sap/ui/layout/form/FormElement.js",
        "sap/m/Text.js",
        "sap/m/ObjectStatus.js"
      ]
    },
    {
      "name": "view/fragments/DisplayTaskDetails.fragment.xml",
      "module": "hcm/fab/mytimesheet/view/fragments/DisplayTaskDetails.fragment.xml",
      "required": [
        "sap/ui/core/Fragment.js",
        "sap/ui/layout/form/Form.js",
        "sap/ui/layout/form/ResponsiveGridLayout.js",
        "sap/ui/layout/form/FormContainer.js",
        "sap/ui/core/CustomData.js",
        "sap/ui/layout/form/FormElement.js",
        "sap/m/Text.js"
      ]
    },
    {
      "name": "view/fragments/DisplayTaskHeader.fragment.xml",
      "module": "hcm/fab/mytimesheet/view/fragments/DisplayTaskHeader.fragment.xml",
      "required": [
        "sap/ui/core/Fragment.js",
        "sap/m/VBox.js",
        "sap/ui/layout/form/Form.js",
        "sap/ui/layout/form/ResponsiveGridLayout.js",
        "sap/ui/layout/form/FormContainer.js",
        "sap/ui/layout/form/FormElement.js",
        "sap/m/Text.js",
        "sap/m/ObjectStatus.js"
      ]
    },
    {
      "name": "view/fragments/DuplicateTask.fragment.xml",
      "module": "hcm/fab/mytimesheet/view/fragments/DuplicateTask.fragment.xml",
      "required": [
        "sap/ui/core/Fragment.js",
        "sap/m/Dialog.js",
        "sap/m/Table.js",
        "sap/m/Column.js",
        "sap/m/Text.js",
        "sap/m/ColumnListItem.js",
        "sap/m/VBox.js",
        "sap/ui/unified/Calendar.js",
        "sap/m/List.js",
        "sap/m/StandardListItem.js",
        "sap/ui/layout/DynamicSideContent.js",
        "sap/m/Button.js"
      ]
    },
    {
      "name": "view/fragments/DuplicateWeek.fragment.xml",
      "module": "hcm/fab/mytimesheet/view/fragments/DuplicateWeek.fragment.xml",
      "required": [
        "sap/ui/core/Fragment.js",
        "sap/m/Dialog.js",
        "sap/ui/layout/VerticalLayout.js",
        "sap/m/Table.js",
        "sap/m/Column.js",
        "sap/m/Text.js",
        "sap/m/ColumnListItem.js",
        "sap/ui/layout/DynamicSideContent.js",
        "sap/ui/unified/Calendar.js",
        "sap/m/List.js",
        "sap/m/StandardListItem.js",
        "sap/m/Button.js"
      ]
    },
    {
      "name": "view/fragments/EditLongTextPopOver.fragment.xml",
      "module": "hcm/fab/mytimesheet/view/fragments/EditLongTextPopOver.fragment.xml",
      "required": [
        "sap/ui/core/Fragment.js",
        "sap/m/Dialog.js",
        "sap/m/FeedInput.js",
        "sap/ui/core/CustomData.js",
        "sap/m/List.js",
        "sap/m/Toolbar.js",
        "sap/m/ToolbarSpacer.js",
        "sap/m/Button.js",
        "sap/m/FeedListItem.js"
      ]
    },
    {
      "name": "view/fragments/EditTask.fragment.xml",
      "module": "hcm/fab/mytimesheet/view/fragments/EditTask.fragment.xml",
      "required": [
        "sap/ui/core/Fragment.js"
      ]
    },
    {
      "name": "view/fragments/EditTaskDetails.fragment.xml",
      "module": "hcm/fab/mytimesheet/view/fragments/EditTaskDetails.fragment.xml",
      "required": [
        "sap/ui/core/Fragment.js",
        "sap/m/VBox.js",
        "sap/ui/layout/form/Form.js",
        "sap/ui/layout/form/ResponsiveGridLayout.js",
        "sap/ui/layout/form/FormContainer.js",
        "sap/ui/layout/form/FormElement.js",
        "sap/m/Input.js",
        "sap/ui/core/CustomData.js",
        "sap/m/DatePicker.js"
      ]
    },
    {
      "name": "view/fragments/EditTaskHeader.fragment.xml",
      "module": "hcm/fab/mytimesheet/view/fragments/EditTaskHeader.fragment.xml",
      "required": [
        "sap/ui/core/Fragment.js",
        "sap/m/VBox.js",
        "sap/ui/layout/form/Form.js",
        "sap/ui/layout/form/ResponsiveGridLayout.js",
        "sap/ui/layout/form/FormContainer.js",
        "sap/ui/layout/form/FormElement.js",
        "sap/m/Input.js",
        "sap/m/Switch.js"
      ]
    },
    {
      "name": "view/fragments/EditToDoLongTextPopOver.fragment.xml",
      "module": "hcm/fab/mytimesheet/view/fragments/EditToDoLongTextPopOver.fragment.xml",
      "required": [
        "sap/ui/core/Fragment.js",
        "sap/m/Dialog.js",
        "sap/m/FeedInput.js",
        "sap/ui/core/CustomData.js",
        "sap/m/List.js",
        "sap/m/Toolbar.js",
        "sap/m/ToolbarSpacer.js",
        "sap/m/Button.js",
        "sap/m/FeedListItem.js"
      ]
    },
    {
      "name": "view/fragments/FilterAssignment.fragment.xml",
      "module": "hcm/fab/mytimesheet/view/fragments/FilterAssignment.fragment.xml",
      "required": [
        "sap/ui/core/Fragment.js",
        "sap/m/ViewSettingsDialog.js",
        "sap/m/ViewSettingsCustomItem.js",
        "sap/m/DateRangeSelection.js"
      ]
    },
    {
      "name": "view/fragments/LongTextPopOver.fragment.xml",
      "module": "hcm/fab/mytimesheet/view/fragments/LongTextPopOver.fragment.xml",
      "required": [
        "sap/ui/core/Fragment.js",
        "sap/m/QuickView.js",
        "sap/m/QuickViewPage.js",
        "sap/m/QuickViewGroup.js",
        "sap/m/QuickViewGroupElement.js"
      ]
    },
    {
      "name": "view/fragments/ValueHelp.fragment.xml",
      "module": "hcm/fab/mytimesheet/view/fragments/ValueHelp.fragment.xml",
      "required": [
        "sap/ui/core/Fragment.js",
        "sap/m/SelectDialog.js",
        "sap/m/StandardListItem.js"
      ]
    },
    {
      "name": "view/fragments/ValueHelpDialog.fragment.xml",
      "module": "hcm/fab/mytimesheet/view/fragments/ValueHelpDialog.fragment.xml",
      "required": [
        "sap/ui/core/Fragment.js",
        "sap/ui/comp/valuehelpdialog/ValueHelpDialog.js"
      ]
    },
    {
      "name": "view/fragments/WorklistPopover.fragment.xml",
      "module": "hcm/fab/mytimesheet/view/fragments/WorklistPopover.fragment.xml",
      "required": [
        "sap/ui/core/Fragment.js",
        "sap/m/Dialog.js",
        "sap/m/MessageStrip.js",
        "sap/m/Table.js",
        "sap/m/Button.js"
      ]
    }
  ]
}